{
	"format_version" : "1.8.0",
	"animations": {
		"animation.elytra.default": {
			"loop": true,
			"bones": {
				"wing": {
					"rotation": [-80, 0, -65],
					"position": [9, 5.75, 0],
					"scale": 0.2
				},
				"wingtip": {
					"rotation": [-7.5, 42.5, 2.5]
				},
				"wing1": {
					"rotation": [-80, 0, 65],
					"position": [-9.25, 5.75, 0],
					"scale": 0.2
				},
				"wingtip1": {
					"rotation": [-7.5, -40, -2.5]
				}
			}
		},
		"animation.elytra.gliding": {
			"loop": true,
			"animation_length": 2.96,
			"bones": {
				"wing": {
					"rotation": {
						"0.0": [-80, 15, 0],
						"2.08": [-80, -27.5, 0],
						"2.92": [-80, 15, 0]
					},
					"position": [9, 3, 0],
					"scale": 0.3
				},
				"wing1": {
					"rotation": {
						"0.0": [-80, -15, 0],
						"2.08": [-80, 27.5, 0],
						"2.92": [-80, -15, 0]
					},
					"position": [-10, 3, 0],
					"scale": 0.3
				},
				"wingtip1": {
					"rotation": {
						"0.0": [0, 0, -40],
						"2.08": [0, 0, 10],
						"2.88": [0, 0, -40]
					}
				},
				"wingtip": {
					"rotation": {
						"0.0": [0, 0, 40],
						"2.08": [0, 0, -10],
						"2.92": [0, 0, 40]
					}
				}
			},
			"sound_effects": {
				"0.0": {
					"effect": "wings1"
				}
			}
		},
		"animation.elytra.sneaking": {
			"loop": true,
			"bones": {
				"wing": {
					"rotation": [-45, 7.5, 0],
					"position": [9, 1, -2],
					"scale": 0.3
				},
				"wing1": {
					"rotation": [-45, -7.5, 0],
					"position": [-10, 1, -2],
					"scale": 0.3
				},
				"wingtip": {
					"rotation": [0, 0, -10]
				},
				"wingtip1": {
					"rotation": [0, 0, 10]
				}
			}
		},
		"animation.elytra.sleeping": {
			"loop": true,
			"override_previous_animation": true,
			"bones": {
				"wing1": {
					"position": [-11, 0, -1],
					"scale": 0.001
				},
				"wing": {
					"position": [10, 0, -4],
					"scale": 0.001
				}
			}
		},
		"animation.elytra.swimming": {
			"loop": true,
			"override_previous_animation": true,
			"bones": {
				"wing1": {
					"position": [-11, 0, -1],
					"scale": 0.001
				},
				"wing": {
					"position": [10, 0, -4],
					"scale": 0.001
				}
			}
		}
	}
}