{
  "namespace": "achievement",

  "progress_bar_icon": {
    "type": "panel",
    "anchor_from": "bottom_right",
    "anchor_to": "bottom_right",
    "controls": [
      {
        "full_progress_bar_icon@achievement.full_progress_bar_icon": {
          "layer": 2
        }
      },
      {
        "empty_progress_bar_icon@achievement.empty_progress_bar_icon": {
          "layer": 1
        }
      },
      {
        "progress_bar_nub@achievement.progress_bar_nub": {
          "size": [ "100% - 10px", 5 ],
          "tiled_scale": [ 0.5, 0.5 ],
          "layer": 4
        }
      }
    ]
  }
}